{
    "id": 28,
    "description": "Given a table, the name of a column, and a value, returns the table without the indicated column and without the rows with a value different from the one indicated",
    "text": "\n    Implement the function es28(table, column, value) that takes as an\n    input\n\n    - a table table represented by a list of dictionaries\n    - a string col with the name of one of the columns of the table\n    - a value val\n    \n    and returns a new table obtained from table removing the column\n    col and deleting all the rows with a value different from val in\n    col. The original table should not be modified. The rows in the\n    new output table have the same order of the original table.\n\n    For example,\n\n    -if table = [{'name': 'Sophie', 'year': 1973 ,'tel': 5553546},\n                 {'name': 'Bruno', 'year': 1981 ,'tel': 5558432}]\n    - the function call es28(table, 'year', 1981) returns the table\n    [{'name': 'Bruno','tel': 5558432}]\n\n",
    "algorithm": "Build a new table:\n\teach line must have the same value as the input one\n\tin each row you have to delete the input column\nreturn the new table",
    "tags": ["Lists", "Dictionaries"],
    "effort": 2,
    "clues": [],
    "from": "recupero-15-2-18"
}
