{
    "id": 26,
    "description": "Given a table and the name of a column in the table, you sort the rows of the table according to the values contained in the column, you return the number of columns in the table.",
    "text": " \n    Define the function es26(table, col) that takes as an input\n\n    - a table table represented by a list of dictionaries\n    - a string col with the name of one of the columns of table\n\n    and modifies table by reordering the rows in descending order with\n    respect to the values contained in column col. The function\n    returns the number of columns in the table.\n\n    For example, \n    - if table = [{'name': 'Sophie','year': 1973, 'tel': 5553546},\n                  {'name': 'Bruno', 'year': 1981 ,'tel': 5558432}]\n\n    - the function call es26(table, 'year') returns 3 and  modifies \n    table in [{'name': 'Bruno', 'year': 1981,'tel': 5558432},\n              {'name': 'Sophie','year':1973 ,'tel': 5553546}]\n",
    "algorithm": "Sort the list by passing the table column as sort key\nreturns the length of the first row of the table",
    "tags": ["Dictionaries", "Sorting", "Lists"],
    "effort": 2,
    "clues": [],
    "from": "recupero-15-2-18"
}
